﻿Designator,Footprint,Quantity,Value,LCSC Part #
BT1,BatteryHolder_Multicomp_BC-2001_1x2032,1,Battery_Cell,
C3,CP_Radial_D8.0mm_P5.00mm,1,10uF,
D1,LED_D3.0mm,1,LED,
J1,PinHeader_1x05_P2.54mm_Vertical,1,Conn_01x05_Pin,
"Q1, Q13, Q14, Q17, Q18, Q2, Q3, Q4, Q5, Q6, Q7",TO-92L_HandSolder,11,PNP,
"Q10, Q11, Q12, Q15, Q16, Q19, Q20, Q21, Q22, Q8, Q9",TO-92L_HandSolder,11,NPN,
"R10, R11, R12, R13, R14, R16, R17, R18, R2, R3, R4, R5, R6, R7, R8",R_Axial_DIN0207_L6.3mm_D2.5mm_P7.62mm_Horizontal,15,R,
"RV1, RV2",Potentiometer_Runtron_RM-065_Vertical,2,R_Potentiometer,
SW1,SW_PUSH_6mm,1,SW_Push,
